{"angle": 90.0, "v_org_x": -607.708925591221, "v_org_y": -61.614515373804494, "v_w": 1229.2215318408294, "v_h": 667.4506055244321, "width": 1105, "height": 600}