{"angle": 90.0, "v_org_x": -117.4520477867109, "v_org_y": 1.8649769033742913, "v_w": 241.12654320987596}