{"angle": 160.0, "v_org_x": 229.96291485747952, "v_org_y": 52.56291264431166, "v_w": 147.88331677557107, "v_h": 83.78004952462186, "width": 962, "height": 545}