{
  "angle": 90.0,
  "v_org_x": 255.04652858941503,
  "v_org_y": 100.56171864222411,
  "v_w": 38.756707123526546,
  "v_h": 29.592559626338,
  "width": 1013,
  "height": 659,
  "canvas_width": 812,
  "canvas_height": 620,
  "run_mode": 0,
  "show_control_point": 1,
  "show_curve": 1
}