{
  "angle": 90.0,
  "control_para1": 0.7,
  "v_org_x": 247.77029435458772,
  "v_org_y": 85.71211084290795,
  "v_w": 63.177632845617765,
  "v_h": 52.45558027390718,
  "width": 1014,
  "height": 697,
  "canvas_width": 766,
  "canvas_height": 636,
  "run_mode": 2,
  "show_control_point": 1,
  "show_curve": 1,
  "show_line": 1
}