{"angle": 90.0, "v_org_x": 83.50893062642322, "v_org_y": -158.86367057526132, "v_w": 863.9999999999977}